customer_id,churn_probability,risk_level,retention_priority
8406-LNMHF,0.06764878458805029,LOW,MONITOR
9488-FYQAU,0.08661427050763326,LOW,MONITOR
0114-IGABW,0.013153082229259908,LOW,MONITOR
7802-EFKNY,0.5967814635895893,MEDIUM,ENGAGE
7503-EPSZW,0.004247245971055082,LOW,MONITOR
5386-THSLQ,0.03176604229157257,LOW,MONITOR
4291-SHSBH,0.6587475008185846,HIGH,URGENT
0042-RLHYP,0.001885752796332112,LOW,MONITOR
5863-OOKCL,0.1370265080542058,LOW,MONITOR
2607-FBDFF,0.30782152209871383,MEDIUM,ENGAGE
9079-LWTFD,0.17575456833917627,LOW,MONITOR
6429-SHBCB,0.35852641371658217,MEDIUM,ENGAGE
3137-LUPIX,0.4452501536185308,MEDIUM,ENGAGE
5206-HPJKM,0.19072781947444997,LOW,MONITOR
9199-PWQVC,0.04807324102591187,LOW,MONITOR
6171-ZTVYB,0.06394637653210565,LOW,MONITOR
1456-TWCGB,0.2934840634547625,LOW,MONITOR
3313-QKNKB,0.18153432268521563,LOW,MONITOR
8232-CTLKO,0.01493699500110952,LOW,MONITOR
2984-AFWNC,0.6864121349156415,HIGH,URGENT
3623-FQBOX,0.10532571459927248,LOW,MONITOR
7812-FZHPE,0.10861932462296789,LOW,MONITOR
2233-FAGXV,0.22547119044493696,LOW,MONITOR
1091-SOZGA,0.2011657054337256,LOW,MONITOR
0754-UKWQP,0.7513766774560249,HIGH,URGENT
7980-MHFLQ,0.002249228312836565,LOW,MONITOR
5847-MXBEO,0.04122267861097819,LOW,MONITOR
5003-XZWWO,0.01605894148000164,LOW,MONITOR
8215-NGSPE,0.006783966060609459,LOW,MONITOR
6087-YPWHO,0.004900915460657791,LOW,MONITOR
6461-SZMCV,0.012394153714466822,LOW,MONITOR
9953-ZMKSM,0.004037213957060837,LOW,MONITOR
6839-ITVZJ,0.2288887435653506,LOW,MONITOR
6000-UKLWI,0.008407428428072777,LOW,MONITOR
0708-SJDIS,0.16186157019591668,LOW,MONITOR
3751-KTZEL,0.5467671893053889,MEDIUM,ENGAGE
5245-VDBUR,0.028368183801691916,LOW,MONITOR
9314-QDMDW,0.27765876754754854,LOW,MONITOR
2187-LZGPL,0.526221578797924,MEDIUM,ENGAGE
3588-WSTTJ,0.5889477374879352,MEDIUM,ENGAGE
6035-BXTTY,0.11751599704975281,LOW,MONITOR
8292-ITGYJ,0.011386203800302449,LOW,MONITOR
4163-NCJAK,0.024569243767284987,LOW,MONITOR
4389-UEFCZ,0.0952621574260724,LOW,MONITOR
5442-PPTJY,0.028235654478275286,LOW,MONITOR
5680-LQOGP,0.012596533175939692,LOW,MONITOR
6574-MCOEH,0.1638628931711349,LOW,MONITOR
9501-UKKNL,0.15410047238793145,LOW,MONITOR
1427-VERSM,0.3338962526738964,MEDIUM,ENGAGE
1215-FIGMP,0.2627979798071798,LOW,MONITOR
2501-XWWTZ,0.5554659649149276,MEDIUM,ENGAGE
5832-TRLPB,0.1270036031447721,LOW,MONITOR
6266-QHOJZ,0.08733550322385526,LOW,MONITOR
8679-JOEVF,0.33778317762120535,MEDIUM,ENGAGE
5569-OUICF,0.5784940925317326,MEDIUM,ENGAGE
0666-UXTJO,0.41318209845630754,MEDIUM,ENGAGE
4837-PZTIC,0.014759091580538227,LOW,MONITOR
9605-WGJVW,0.7463308904609738,HIGH,URGENT
4195-SMMNX,0.1862969921830499,LOW,MONITOR
5849-ASHZJ,0.028425353162964486,LOW,MONITOR
7623-HKYRK,0.13314827795486495,LOW,MONITOR
7823-JSOAG,0.6871251525364889,HIGH,URGENT
3318-ISQFQ,0.12092478043507428,LOW,MONITOR
5236-XMZJY,0.05956850482899462,LOW,MONITOR
7623-TRNQN,0.3134183480967893,MEDIUM,ENGAGE
4301-VVZKA,0.6443340532058461,HIGH,URGENT
5140-FOMCQ,0.16151803645719565,LOW,MONITOR
8676-OOQEJ,0.47654333787546554,MEDIUM,ENGAGE
1724-IQWNM,0.20704766470554792,LOW,MONITOR
5457-COLHT,0.0075845817445814034,LOW,MONITOR
2108-XWMPY,0.3914160084768898,MEDIUM,ENGAGE
6823-SIDFQ,0.03205001987565511,LOW,MONITOR
0565-IYCGT,0.022690663235078876,LOW,MONITOR
9964-WBQDJ,0.003934148775299141,LOW,MONITOR
0650-BWOZN,0.5755486832697059,MEDIUM,ENGAGE
2694-CIUMO,0.5490421745011541,MEDIUM,ENGAGE
8625-AZYZY,0.6430671506908715,HIGH,URGENT
8070-AAWZP,0.19869183560263823,LOW,MONITOR
7074-STDCN,0.23659111823345524,LOW,MONITOR
7706-DZNKK,0.17278619225175626,LOW,MONITOR
3511-BFTJW,0.004294997229856521,LOW,MONITOR
1936-CZAKF,0.03941689920120375,LOW,MONITOR
0670-KDOMA,0.25143342957311615,LOW,MONITOR
0725-CXOTM,0.11324037938339421,LOW,MONITOR
2451-YMUXS,0.010473181397373008,LOW,MONITOR
7246-ZGQDF,0.26535761765342775,LOW,MONITOR
8165-ZJRNM,0.0022472160394449102,LOW,MONITOR
3948-FVVRP,0.1688321611504144,LOW,MONITOR
5296-PSYVW,0.0039495896757444585,LOW,MONITOR
0804-XBFBV,0.4297412929448177,MEDIUM,ENGAGE
1658-XUHBX,0.28650544537614453,LOW,MONITOR
7216-KAOID,0.01369895422475475,LOW,MONITOR
3585-YNADK,0.036789239232554255,LOW,MONITOR
5222-IMUKT,0.4990171176038496,MEDIUM,ENGAGE
9048-JVYVF,0.5246242364118392,MEDIUM,ENGAGE
9574-BOSMD,0.002650427966217169,LOW,MONITOR
1231-YNDEK,0.004895558457082447,LOW,MONITOR
5949-EBSQK,0.2832654031456337,LOW,MONITOR
7945-HLKEA,0.02819508948743285,LOW,MONITOR
1306-RPWXZ,0.005333273793621603,LOW,MONITOR
2485-ITVKB,0.6903131506139942,HIGH,URGENT
2429-AYKKO,0.001912309632363364,LOW,MONITOR
5032-USPKF,0.08151984129063024,LOW,MONITOR
8701-DGLVH,0.005192914983900307,LOW,MONITOR
2126-GSEGL,0.02304791860129666,LOW,MONITOR
4896-CPRPF,0.013026002350158371,LOW,MONITOR
8884-MRNSU,0.04409092422472593,LOW,MONITOR
7013-PSXHK,0.11848067260595238,LOW,MONITOR
7562-GSUHK,0.5251773794313119,MEDIUM,ENGAGE
9360-OMDZZ,0.6968927954188785,HIGH,URGENT
4690-LLKUA,0.39404750335711886,MEDIUM,ENGAGE
1716-LSAMB,0.010496374911440242,LOW,MONITOR
6421-SZVEM,0.1926301172051852,LOW,MONITOR
9036-CSKBW,0.15158142127454424,LOW,MONITOR
2077-DDHJK,0.007167514414747022,LOW,MONITOR
8749-TZYEC,0.0027890225926822266,LOW,MONITOR
9931-KGHOA,0.07856533839424774,LOW,MONITOR
7593-JNWRU,0.33539040884563043,MEDIUM,ENGAGE
0774-RMNUW,0.00817654462971012,LOW,MONITOR
1086-LXKFY,0.573504060921605,MEDIUM,ENGAGE
7614-QVWQL,0.08263480159611869,LOW,MONITOR
2474-LCNUE,0.3415737335041307,MEDIUM,ENGAGE
2995-YWTCD,0.03885208520111875,LOW,MONITOR
2604-IJPDU,0.4130916182814103,MEDIUM,ENGAGE
3512-IZIKN,0.00728094572824072,LOW,MONITOR
8780-YRMTT,0.008275583978745185,LOW,MONITOR
3144-AUDBS,0.4054255418684812,MEDIUM,ENGAGE
6425-YQLLO,0.18661076304025023,LOW,MONITOR
5186-PEIZU,0.04566916483328081,LOW,MONITOR
4083-BFNYK,0.1903139387476862,LOW,MONITOR
1984-FCOWB,0.18104806057909675,LOW,MONITOR
0164-XAIRP,0.028218982298177767,LOW,MONITOR
3339-EAQNV,0.16765605289208563,LOW,MONITOR
4198-VFOEA,0.1652711219403122,LOW,MONITOR
6260-XLACS,0.09500986566726649,LOW,MONITOR
4109-CYRBD,0.3421669180101319,MEDIUM,ENGAGE
0383-CLDDA,0.020058877712641924,LOW,MONITOR
3871-IKPYH,0.6768661858293585,HIGH,URGENT
7446-YPODE,0.2583750938861019,LOW,MONITOR
5781-RFZRP,0.008415840349553965,LOW,MONITOR
7905-NJMXS,0.2977563501332509,LOW,MONITOR
8226-BXGES,0.05425331936839937,LOW,MONITOR
2205-LPVGL,0.06850331929532451,LOW,MONITOR
3896-RCYYE,0.08250644243722999,LOW,MONITOR
6680-WKXRZ,0.6200134285708466,HIGH,URGENT
0231-LXVAP,0.6430097351030367,HIGH,URGENT
4495-LHSSK,0.17901239956092535,LOW,MONITOR
6710-HSJRD,0.37990449621405953,MEDIUM,ENGAGE
3831-YCPUO,0.031180236539585154,LOW,MONITOR
7279-NMVJC,0.056797578466473736,LOW,MONITOR
4116-TZAQJ,0.47315837359939306,MEDIUM,ENGAGE
7319-ZNRTR,0.041033786002158956,LOW,MONITOR
4360-QRAVE,0.19430931158415435,LOW,MONITOR
1268-ASBGA,0.6721737329962715,HIGH,URGENT
4001-TSBTV,0.2494674564511702,LOW,MONITOR
6641-XRPSU,0.35286417055739955,MEDIUM,ENGAGE
9426-SXNHE,0.20182529194892385,LOW,MONITOR
8149-RSOUN,0.825647989657317,HIGH,URGENT
8160-HOWOX,0.5757980755630748,MEDIUM,ENGAGE
7517-SAWMO,0.46470506209645424,MEDIUM,ENGAGE
3170-GWYKC,0.18605625328315145,LOW,MONITOR
8397-MVTAZ,0.6130180504417401,HIGH,URGENT
4827-LTQRJ,0.11247499834961783,LOW,MONITOR
9313-CDOGY,0.04317083622722988,LOW,MONITOR
9134-CEQMF,0.7677098746791962,HIGH,URGENT
9158-VCTQB,0.3109361094228387,MEDIUM,ENGAGE
2229-VWQJH,0.22257715039633655,LOW,MONITOR
0117-LFRMW,0.07460333475291961,LOW,MONITOR
8735-IJJEG,0.23159730051244568,LOW,MONITOR
0323-XWWTN,0.07651134124218079,LOW,MONITOR
1891-FZYSA,0.29668884422396524,LOW,MONITOR
4373-MAVJG,0.5661617794848927,MEDIUM,ENGAGE
6258-NGCNG,0.18961775311756515,LOW,MONITOR
8265-HKSOW,0.025557705768921496,LOW,MONITOR
0003-MKNFE,0.39725853910781755,MEDIUM,ENGAGE
6508-NJYRO,0.055112256136098575,LOW,MONITOR
1389-CXMLU,0.7352156582303851,HIGH,URGENT
1143-NMNQJ,0.7975279598013625,HIGH,URGENT
4385-GZQXV,0.6690943714898774,HIGH,URGENT
9774-NRNAU,0.2931050020378017,LOW,MONITOR
7771-ZONAT,0.09903383928120811,LOW,MONITOR
0621-HJWXJ,0.19270635367518538,LOW,MONITOR
7969-AULMZ,0.7339736524872387,HIGH,URGENT
5160-UXJED,0.10159806055244576,LOW,MONITOR
9480-BQJEI,0.10600516350232272,LOW,MONITOR
1171-TYKUR,0.04700481330338728,LOW,MONITOR
8757-TFHHJ,0.34674797760794546,MEDIUM,ENGAGE
1970-KKFWL,0.016682787722915766,LOW,MONITOR
2749-CTKAJ,0.032903170632176515,LOW,MONITOR
9714-EDSUC,0.43106503574423194,MEDIUM,ENGAGE
1790-NESIO,0.04575562591354925,LOW,MONITOR
4750-UKWJK,0.02350504433712398,LOW,MONITOR
3454-JFUBC,0.0037027321765189408,LOW,MONITOR
1809-DMJHQ,0.2903082661890277,LOW,MONITOR
7089-IVVAZ,0.5816648336203627,MEDIUM,ENGAGE
5364-EVNIB,0.5414530447873592,MEDIUM,ENGAGE
9378-FXTIZ,0.09969292240192457,LOW,MONITOR
2091-RFFBA,0.5649014344933843,MEDIUM,ENGAGE
4397-FRLTA,0.17914998754196249,LOW,MONITOR
9680-NIAUV,0.04385236380639676,LOW,MONITOR
3724-BSCVH,0.059252223682132475,LOW,MONITOR
5485-WUYWF,0.319638956451916,MEDIUM,ENGAGE
4412-YLTKF,0.5845736583671604,MEDIUM,ENGAGE
9227-YBAXE,0.015414453640357142,LOW,MONITOR
4946-EDSEW,0.13892444053326525,LOW,MONITOR
8981-FJGLA,0.5196767186046254,MEDIUM,ENGAGE
3583-EKAPL,0.5757891645431076,MEDIUM,ENGAGE
6567-HOOPW,0.774929157626026,HIGH,URGENT
9110-HSGTV,0.014227724656199385,LOW,MONITOR
0319-QZTCO,0.378586341320511,MEDIUM,ENGAGE
2840-XANRC,0.6343464529284434,HIGH,URGENT
3873-NFTGI,0.34268330539298275,MEDIUM,ENGAGE
5288-AHOUP,0.7073864736235775,HIGH,URGENT
6521-YYTYI,0.7868382925853817,HIGH,URGENT
9522-BNTHX,0.3907151606230176,MEDIUM,ENGAGE
3452-ABWRL,0.40368056453375156,MEDIUM,ENGAGE
8859-DZTGQ,0.012640857858582485,LOW,MONITOR
0329-GTIAJ,0.6824774512984957,HIGH,URGENT
7993-NQLJE,0.28621503285620137,LOW,MONITOR
6016-LVTJQ,0.03834738308925547,LOW,MONITOR
5859-HZYLF,0.019922047352614634,LOW,MONITOR
6008-NAIXK,0.12242608175865095,LOW,MONITOR
8938-UMKPI,0.5234086976675159,MEDIUM,ENGAGE
4312-KFRXN,0.0025082047393915137,LOW,MONITOR
2673-ZALNP,0.08681033677247942,LOW,MONITOR
7923-IYJWY,0.07194132330874117,LOW,MONITOR
2873-ZLIWT,0.32794232411221436,MEDIUM,ENGAGE
5622-UEJFI,0.01896569194150222,LOW,MONITOR
4335-BSMJS,0.006374073319680331,LOW,MONITOR
3729-OWRVL,0.10851272731724738,LOW,MONITOR
6650-BWFRT,0.058851668655760546,LOW,MONITOR
2657-ALMWY,0.4962163765568201,MEDIUM,ENGAGE
8929-KSWIH,0.13892479202256688,LOW,MONITOR
0786-VSSUD,0.42660519244368583,MEDIUM,ENGAGE
4572-DVCGN,0.6198792134529694,HIGH,URGENT
0508-OOLTO,0.6628157015219052,HIGH,URGENT
7695-PKLCZ,0.0025401039251556246,LOW,MONITOR
2845-KDHVX,0.013082752718807383,LOW,MONITOR
0594-UFTUL,0.12331162758702632,LOW,MONITOR
7644-OMVMY,0.049966023283635745,LOW,MONITOR
2665-NPTGL,0.620307971059683,HIGH,URGENT
1104-FEJAM,0.24601212184737234,LOW,MONITOR
7868-TMWMZ,0.060207140519816474,LOW,MONITOR
6652-YFFJO,0.5352179403071852,MEDIUM,ENGAGE
9661-MHUMO,0.35707756247134803,MEDIUM,ENGAGE
5947-SGKCL,0.5832483879358126,MEDIUM,ENGAGE
7049-GKVZY,0.10191336292410318,LOW,MONITOR
9987-LUTYD,0.08433228204828873,LOW,MONITOR
3256-EZDBI,0.1061037203752276,LOW,MONITOR
7746-AWNQW,0.20244821222202855,LOW,MONITOR
9251-AWQGT,0.005017864184321077,LOW,MONITOR
4627-MIHJH,0.05550997951029779,LOW,MONITOR
2320-YKQBO,0.15751263940103225,LOW,MONITOR
9055-MOJJJ,0.012580482765593454,LOW,MONITOR
2452-KDRRH,0.35225449374093837,MEDIUM,ENGAGE
3173-WSSUE,0.0017189802107457116,LOW,MONITOR
5928-QLDHB,0.7056151455855555,HIGH,URGENT
6305-YLBMM,0.09868499503535197,LOW,MONITOR
0295-QVKPB,0.3478678538043271,MEDIUM,ENGAGE
2578-JQPHZ,0.0855101464867504,LOW,MONITOR
6549-NNDYT,0.3455634218074418,MEDIUM,ENGAGE
6896-SRVYQ,0.28259463019421754,LOW,MONITOR
7952-OBOYL,0.5410378010516045,MEDIUM,ENGAGE
0023-HGHWL,0.684177813154126,HIGH,URGENT
3763-GCZHZ,0.19187310662996082,LOW,MONITOR
2545-EBUPK,0.8207080766988839,HIGH,URGENT
5555-RNPGT,0.15131354969198754,LOW,MONITOR
4948-WBBKL,0.4412198563664736,MEDIUM,ENGAGE
1576-PFZIW,0.043029228307140524,LOW,MONITOR
9631-XEYKE,0.41627307650782774,MEDIUM,ENGAGE
1469-LBJQJ,0.3769123997360473,MEDIUM,ENGAGE
4753-PADAS,0.16518028287886688,LOW,MONITOR
8845-LWKGE,0.1109282785690455,LOW,MONITOR
5076-YVXCM,0.276226135382212,LOW,MONITOR
5902-WBLSE,0.002411189024457634,LOW,MONITOR
7629-WIXZF,0.2717042982604561,LOW,MONITOR
5879-SESNB,0.6409248632477286,HIGH,URGENT
8387-UGUSU,0.09161738257726798,LOW,MONITOR
3372-KWFBM,0.7245993300132157,HIGH,URGENT
4727-MCYZG,0.40769184918392093,MEDIUM,ENGAGE
1552-TKMXS,0.03351811860709312,LOW,MONITOR
8180-AKMJV,0.45375040588031496,MEDIUM,ENGAGE
1849-RJYIG,0.4118594281365571,MEDIUM,ENGAGE
2778-OCLGR,0.24985536378187906,LOW,MONITOR
1699-HPSBG,0.24211895933018607,LOW,MONITOR
9845-PEEKO,0.07566727411110556,LOW,MONITOR
8063-GBATB,0.6705309712984339,HIGH,URGENT
4891-NLUBA,0.022660516095941878,LOW,MONITOR
3400-ESFUW,0.005766203784223479,LOW,MONITOR
2789-CZANW,0.04194897826921215,LOW,MONITOR
7030-FZTFM,0.04442827399299677,LOW,MONITOR
5614-DNZCE,0.00946883473721424,LOW,MONITOR
5791-KAJFD,0.04000156261626576,LOW,MONITOR
4778-IZARL,0.043238653113897345,LOW,MONITOR
1750-CSKKM,0.3667902200967929,MEDIUM,ENGAGE
3538-WZPHD,0.5859269283476352,MEDIUM,ENGAGE
0015-UOCOJ,0.41173411764466594,MEDIUM,ENGAGE
4840-ORQXB,0.413687598004188,MEDIUM,ENGAGE
7133-VBDCG,0.3096578679694571,MEDIUM,ENGAGE
7746-QYVCO,0.08461416070525321,LOW,MONITOR
8809-RIHDD,0.08907173871531444,LOW,MONITOR
4195-PNGZS,0.0025589616925528465,LOW,MONITOR
5924-SNGKP,0.02010760432358854,LOW,MONITOR
6865-JZNKO,0.12276063802191362,LOW,MONITOR
1952-DVVSW,0.07329190615874283,LOW,MONITOR
0564-MUUQK,0.4688821022066609,MEDIUM,ENGAGE
7470-MCQTK,0.5099214355204941,MEDIUM,ENGAGE
0378-CJKPV,0.03779024113085577,LOW,MONITOR
4458-KVRBJ,0.004954999017222209,LOW,MONITOR
1322-AGOQM,0.09115572533490911,LOW,MONITOR
1626-ERCMM,0.7459157494851646,HIGH,URGENT
7157-SMCFK,0.0025112331831170244,LOW,MONITOR
0125-LZQXK,0.6138853508713482,HIGH,URGENT
7711-YIJWC,0.018671316539096865,LOW,MONITOR
4176-RELJR,0.004168678209006423,LOW,MONITOR
8639-NHQEI,0.038938957928115726,LOW,MONITOR
5537-UXXVS,0.09106892972356793,LOW,MONITOR
9968-FFVVH,0.013945189081558677,LOW,MONITOR
8999-YPYBV,0.01997412061790391,LOW,MONITOR
8949-JTMAY,0.5793076104329682,MEDIUM,ENGAGE
9947-OTFQU,0.5864984944573589,MEDIUM,ENGAGE
9600-NAXZN,0.5540675685353433,MEDIUM,ENGAGE
5712-AHQNN,0.3845360058894443,MEDIUM,ENGAGE
7801-CEDNV,0.06291132085025437,LOW,MONITOR
9851-QXEEQ,0.5387487151730644,MEDIUM,ENGAGE
5780-INQIK,0.3286686199784007,MEDIUM,ENGAGE
3572-UOLYZ,0.23201824064051935,LOW,MONITOR
4402-FTBXC,0.13445274652496217,LOW,MONITOR
1755-FZQEC,0.017954617703378542,LOW,MONITOR
9647-ERGBE,0.6033743258212017,HIGH,URGENT
0872-JCPIB,0.25975919789264684,LOW,MONITOR
7143-BQIBA,0.19474467137154997,LOW,MONITOR
0048-LUMLS,0.1949482266757408,LOW,MONITOR
9512-UIBFX,0.4352818223661462,MEDIUM,ENGAGE
2157-MXBJS,0.28997757786364053,LOW,MONITOR
2400-XIWIO,0.01742033460166341,LOW,MONITOR
0458-HEUZG,0.08982516227426947,LOW,MONITOR
3858-VOBET,0.5907904439431209,MEDIUM,ENGAGE
4667-QONEA,0.022266527273618796,LOW,MONITOR
4795-UXVCJ,0.03529129090463965,LOW,MONITOR
2683-BPJSO,0.41110300796405724,MEDIUM,ENGAGE
3791-LGQCY,0.4255309998223978,MEDIUM,ENGAGE
6250-CGGUN,0.06585376267799878,LOW,MONITOR
9227-UAQFT,0.028380510745422284,LOW,MONITOR
2446-PLQVO,0.7054061450071802,HIGH,URGENT
2475-MROZF,0.2646785860174802,LOW,MONITOR
8734-FNWVH,0.1895605558329317,LOW,MONITOR
3427-GGZZI,0.649461263015097,HIGH,URGENT
7139-JZFVG,0.006328676172597729,LOW,MONITOR
1430-SFQSA,0.06262823648484805,LOW,MONITOR
3969-JQABI,0.05967650098729533,LOW,MONITOR
4195-NZGTA,0.5950974160788385,MEDIUM,ENGAGE
9432-VOFYX,0.573787077943853,MEDIUM,ENGAGE
5498-IBWPI,0.016132127552519027,LOW,MONITOR
8329-UTMVM,0.37846517230104976,MEDIUM,ENGAGE
8473-VUVJN,0.7844967706548936,HIGH,URGENT
4701-MLJPN,0.18118520846644195,LOW,MONITOR
2801-NISEI,0.14272192922281282,LOW,MONITOR
7898-PDWQE,0.008742245150916744,LOW,MONITOR
7173-TETGO,0.02923768662238936,LOW,MONITOR
7036-TYDEC,0.08461878041207484,LOW,MONITOR
7065-YUNRY,0.4384905389492966,MEDIUM,ENGAGE
2234-XADUH,0.1245832474316543,LOW,MONITOR
0181-RITDD,0.027462926339153794,LOW,MONITOR
4393-OBCRR,0.10361528835495738,LOW,MONITOR
2153-MREFK,0.2445510214507846,LOW,MONITOR
2853-CWQFQ,0.358425464289682,MEDIUM,ENGAGE
1478-VPOAD,0.4652326524608848,MEDIUM,ENGAGE
8791-GFXLZ,0.2928660993755061,LOW,MONITOR
8443-ZRDBZ,0.7409664201411172,HIGH,URGENT
2169-RRLFW,0.003124732579994965,LOW,MONITOR
4391-LNRXK,0.38887876753389017,MEDIUM,ENGAGE
6366-ZGQGL,0.4965130200876749,MEDIUM,ENGAGE
4201-JMNGR,0.45075514626850854,MEDIUM,ENGAGE
5281-BUZGT,0.4916772232318287,MEDIUM,ENGAGE
9453-PATOS,0.00815005142542713,LOW,MONITOR
9795-VOWON,0.33026093942907137,MEDIUM,ENGAGE
8035-BUYVG,0.07855206591875835,LOW,MONITOR
7180-PISOG,0.7156061258676213,HIGH,URGENT
9591-YVTEB,0.12339908682241627,LOW,MONITOR
5406-KGRMX,0.004233430597784128,LOW,MONITOR
1991-VOPLL,0.1436511748310465,LOW,MONITOR
6161-UUUTA,0.7556699812386185,HIGH,URGENT
5751-USDBL,0.01707938264125056,LOW,MONITOR
9140-CZQZZ,0.013318428692560726,LOW,MONITOR
5442-BXVND,0.056414380752847784,LOW,MONITOR
3654-ARMGP,0.02579356769145034,LOW,MONITOR
5950-AAAGJ,0.5313617023046449,MEDIUM,ENGAGE
7711-GQBZC,0.0024735996000005665,LOW,MONITOR
9897-KXHCM,0.6993240419569224,HIGH,URGENT
5172-RKOCB,0.051936871047328755,LOW,MONITOR
3489-VSFRD,0.021018909408302054,LOW,MONITOR
5696-QURRL,0.425810666519061,MEDIUM,ENGAGE
4895-TMWIR,0.14298337651172124,LOW,MONITOR
2722-VOJQL,0.16459613587089175,LOW,MONITOR
5449-FIBXJ,0.5291824009585343,MEDIUM,ENGAGE
8838-GPHZP,0.004009741682762254,LOW,MONITOR
1197-BVMVG,0.7756880244630664,HIGH,URGENT
0559-CKHUS,0.020266228054046122,LOW,MONITOR
1689-YQBYY,0.6504730543976357,HIGH,URGENT
5995-LFTLE,0.007348969584497573,LOW,MONITOR
8966-OIQHG,0.03683603218385658,LOW,MONITOR
7317-GGVPB,0.06835169039331232,LOW,MONITOR
0907-HQNTS,0.06437933348834214,LOW,MONITOR
2433-KMEAS,0.2889968109013483,LOW,MONITOR
6384-VMJHP,0.007835336356863246,LOW,MONITOR
4821-WQOYN,0.0021113121673117315,LOW,MONITOR
6158-HDPXZ,0.48383497688545013,MEDIUM,ENGAGE
0365-BZUWY,0.678715971568361,HIGH,URGENT
3874-EQOEP,0.6567166071922461,HIGH,URGENT
1423-BMPBQ,0.21117555506069774,LOW,MONITOR
6064-PUPMC,0.05006881715909057,LOW,MONITOR
6158-DWPZT,0.24833705728272698,LOW,MONITOR
9420-LOJKX,0.490769498604112,MEDIUM,ENGAGE
8035-PWSEV,0.6342898987904233,HIGH,URGENT
8143-ETQTI,0.022726982345395906,LOW,MONITOR
9648-BCHKM,0.04142563033300529,LOW,MONITOR
7340-KEFQE,0.010823970609454931,LOW,MONITOR
1964-SVLEA,0.058754045204314986,LOW,MONITOR
9572-WUKSB,0.5522197033211151,MEDIUM,ENGAGE
0795-LAFGP,0.015053558002024988,LOW,MONITOR
0411-EZJZE,0.6246621722760198,HIGH,URGENT
9334-GWGOW,0.7418926589908814,HIGH,URGENT
4807-IZYOZ,0.005735464521921151,LOW,MONITOR
2480-SQIOB,0.3698266660852538,MEDIUM,ENGAGE
3540-RZJYU,0.4887677733197914,MEDIUM,ENGAGE
9489-UTFKA,0.2936050217182329,LOW,MONITOR
8348-JLBUG,0.0490265091978633,LOW,MONITOR
7660-HDPJV,0.7141647704470933,HIGH,URGENT
8325-QRPZR,0.6456464784778425,HIGH,URGENT
3675-YDUPJ,0.16890046358085642,LOW,MONITOR
6609-MXJHJ,0.022271207163372074,LOW,MONITOR
8727-XDPUD,0.05604302445008291,LOW,MONITOR
9565-FLVCG,0.01312121853559399,LOW,MONITOR
6825-UYPFK,0.4516425352278865,MEDIUM,ENGAGE
2860-RANUS,0.6496057708215338,HIGH,URGENT
9025-ZRPVR,0.1756372064476499,LOW,MONITOR
6096-EGVTU,0.00629621754059206,LOW,MONITOR
6288-CHQJB,0.01045303798691294,LOW,MONITOR
5562-BETPV,0.08838654959173037,LOW,MONITOR
7310-EGVHZ,0.20276012568778776,LOW,MONITOR
6743-HHQPF,0.15266231675294076,LOW,MONITOR
0454-OKRCT,0.06657211438848976,LOW,MONITOR
2178-PMGCJ,0.42302122949238485,MEDIUM,ENGAGE
4255-DDUOU,0.21287444997796565,LOW,MONITOR
1552-AAGRX,0.37382337440240027,MEDIUM,ENGAGE
3143-ILDAL,0.30905305782266673,MEDIUM,ENGAGE
8699-ASUFO,0.6601098550048616,HIGH,URGENT
2478-EEWWM,0.1763196683611954,LOW,MONITOR
5242-UOWHD,0.0056304374663763935,LOW,MONITOR
4521-YEEHE,0.6231564089407932,HIGH,URGENT
4813-HQMGZ,0.706199442058324,HIGH,URGENT
7089-XXAYG,0.18799646591803576,LOW,MONITOR
3318-NMQXL,0.7666275214817622,HIGH,URGENT
6103-BOCOU,0.5677227293524885,MEDIUM,ENGAGE
4821-SJHJV,0.376548278838748,MEDIUM,ENGAGE
8242-JSVBO,0.37663376439695856,MEDIUM,ENGAGE
3727-OVPRY,0.007879068710781903,LOW,MONITOR
8204-TIFGJ,0.10636231252293257,LOW,MONITOR
9619-GSATL,0.04963981437569461,LOW,MONITOR
7754-IXRMC,0.37069267004417983,MEDIUM,ENGAGE
6680-NENYN,0.24118946178254583,LOW,MONITOR
7611-YKYTC,0.24354982348048787,LOW,MONITOR
0722-SVSFK,0.6737153838901392,HIGH,URGENT
1455-HFBXA,0.049524884958965544,LOW,MONITOR
4609-KNNWG,0.014258543708178806,LOW,MONITOR
1834-WULEG,0.02974249017806732,LOW,MONITOR
1402-PTHGN,0.06499451311851268,LOW,MONITOR
8879-XUAHX,0.08092558451885092,LOW,MONITOR
6818-DJXAA,0.5581213336431543,MEDIUM,ENGAGE
6119-SPUDB,0.01404171847392189,LOW,MONITOR
7599-FKVXZ,0.41703194311900804,MEDIUM,ENGAGE
6729-FZWSY,0.00572392438548625,LOW,MONITOR
3638-WEABW,0.018617254172533192,LOW,MONITOR
9124-LHCJQ,0.7313498015724169,HIGH,URGENT
3397-AVTKU,0.053863798132880704,LOW,MONITOR
8089-UZWLX,0.09489643736973837,LOW,MONITOR
5583-EJXRD,0.02168746728415748,LOW,MONITOR
9365-SRSZE,0.5186064940492366,MEDIUM,ENGAGE
1472-TNCWL,0.46358014630958233,MEDIUM,ENGAGE
9063-ZGTUY,0.01323804593559569,LOW,MONITOR
0952-KMEEH,0.5145204245527222,MEDIUM,ENGAGE
2405-LBMUW,0.023383159425390702,LOW,MONITOR
3012-VFFMN,0.13207515015677582,LOW,MONITOR
4712-UYOOI,0.10584490529863015,LOW,MONITOR
1972-XMUWV,0.014613932287711842,LOW,MONITOR
5014-WUQMG,0.13071760150204254,LOW,MONITOR
4546-FOKWR,0.5777071559665048,MEDIUM,ENGAGE
2300-RQGOI,0.010233773058659173,LOW,MONITOR
4983-CCWMC,0.5973513145079848,MEDIUM,ENGAGE
8663-UPDGF,0.22334488266571093,LOW,MONITOR
1078-TDCRN,0.6316267783266142,HIGH,URGENT
8905-IAZPF,0.13043396737002944,LOW,MONITOR
0207-MDKNV,0.4576011161802547,MEDIUM,ENGAGE
4704-ERYFC,0.5327178148816936,MEDIUM,ENGAGE
0732-OCQOC,0.008066130707737129,LOW,MONITOR
2509-TFPJU,0.0027987759353482436,LOW,MONITOR
2832-KJCRD,0.5370908162389232,MEDIUM,ENGAGE
3419-SNJJD,0.23333927310308925,LOW,MONITOR
5329-KRDTM,0.012817541851504475,LOW,MONITOR
2004-OCQXK,0.757440015329047,HIGH,URGENT
2959-FENLU,0.6051652708968837,HIGH,URGENT
0815-MFZGM,0.11818068641502451,LOW,MONITOR
9798-OPFEM,0.013776800948778888,LOW,MONITOR
5438-QMDDL,0.2798945609473566,LOW,MONITOR
5099-BAILX,0.36469284375369315,MEDIUM,ENGAGE
6897-RWMUB,0.006832229959043962,LOW,MONITOR
5206-XZZQI,0.152829159152472,LOW,MONITOR
0921-OHLVP,0.5873418268685744,MEDIUM,ENGAGE
7521-AFHAB,0.28393592950615953,LOW,MONITOR
6349-JDHQP,0.005216624392140876,LOW,MONITOR
6834-NXDCA,0.5176826209921684,MEDIUM,ENGAGE
1971-DTCZB,0.016240849692261902,LOW,MONITOR
4671-VJLCL,0.014643149828267657,LOW,MONITOR
4976-LNFVV,0.328173611525523,MEDIUM,ENGAGE
6374-NTQLP,0.03660421726423926,LOW,MONITOR
1090-ESELR,0.02350962422118206,LOW,MONITOR
6035-RIIOM,0.12978201395811367,LOW,MONITOR
1875-QIVME,0.753520611367616,HIGH,URGENT
6769-DCQLI,0.1471253128956304,LOW,MONITOR
3346-BRMIS,0.5772369686199122,MEDIUM,ENGAGE
1771-OADNZ,0.5916122886008492,MEDIUM,ENGAGE
5201-USSQZ,0.35160254605048624,MEDIUM,ENGAGE
3882-IYOIJ,0.044269811122309516,LOW,MONITOR
5803-NQJZO,0.006827001789622795,LOW,MONITOR
8561-NMTBD,0.12668924146320498,LOW,MONITOR
3130-ICDUP,0.49022841428462394,MEDIUM,ENGAGE
7108-DGVUU,0.1758298935508392,LOW,MONITOR
3853-LYGAM,0.5340894189820082,MEDIUM,ENGAGE
0851-DFJKB,0.18681900796417378,LOW,MONITOR
3317-VLGQT,0.6572802002268239,HIGH,URGENT
4186-ZBUEW,0.10054882888249098,LOW,MONITOR
6890-PFRQX,0.215103678324328,LOW,MONITOR
1376-HHBDV,0.13483121424805178,LOW,MONITOR
1904-WAJAA,0.0483128129225184,LOW,MONITOR
2577-GVSIL,0.1199014551333909,LOW,MONITOR
3748-FVMZZ,0.5984187193550232,MEDIUM,ENGAGE
6457-USBER,0.7466680526018662,HIGH,URGENT
3815-SLMEF,0.3115821565305043,MEDIUM,ENGAGE
1564-NTYXF,0.7599005799040418,HIGH,URGENT
9518-IMLHK,0.10292412390768449,LOW,MONITOR
6258-PVZWJ,0.018594076760482768,LOW,MONITOR
6188-UXBBR,0.02759858581403955,LOW,MONITOR
7363-QTBIW,0.6991865480460685,HIGH,URGENT
4423-JWZJN,0.09277555566605784,LOW,MONITOR
5857-XRECV,0.09529099597461219,LOW,MONITOR
2773-MADBQ,0.03560269242294281,LOW,MONITOR
8100-HZZLJ,0.11729116767002148,LOW,MONITOR
9135-HSWOC,0.0030291555072801115,LOW,MONITOR
0655-YDGFJ,0.13598404994694782,LOW,MONITOR
6635-MYYYZ,0.06238397116153389,LOW,MONITOR
2750-BJLSB,0.18090783720535883,LOW,MONITOR
7142-HVGBG,0.5463131469736942,MEDIUM,ENGAGE
5649-RXQTV,0.38030472115319236,MEDIUM,ENGAGE
7197-VOJMM,0.009228358392783546,LOW,MONITOR
9070-BCKQP,0.05801284900155434,LOW,MONITOR
3597-YASZG,0.08821380526671188,LOW,MONITOR
3544-FBCAS,0.01555726709250776,LOW,MONITOR
0328-GRPMV,0.7154086142301389,HIGH,URGENT
5762-TJXGK,0.0333145213966061,LOW,MONITOR
5799-JRCZO,0.002585426680658265,LOW,MONITOR
5397-NSKQG,0.012480344970173368,LOW,MONITOR
4828-FAZPK,0.49072689658419394,MEDIUM,ENGAGE
4023-RTIQM,0.1255825244261961,LOW,MONITOR
9871-ELEYA,0.020309667435909052,LOW,MONITOR
4282-ACRXS,0.26067460785681784,LOW,MONITOR
5709-LVOEQ,0.08528073856035423,LOW,MONITOR
9625-RZFUK,0.002288372703621902,LOW,MONITOR
9526-BIHHD,0.38493801037393416,MEDIUM,ENGAGE
2194-IIQOF,0.012733737860028202,LOW,MONITOR
7595-EHCDL,0.22461210243449825,LOW,MONITOR
3043-SUDUA,0.053435901221818516,LOW,MONITOR
9500-IWPXQ,0.03576879549240878,LOW,MONITOR
8073-IJDCM,0.25149723206639857,LOW,MONITOR
1320-HTRDR,0.7551625473179202,HIGH,URGENT
3507-GASNP,0.0027032505511210294,LOW,MONITOR
2138-VFAPZ,0.03505913015317427,LOW,MONITOR
8305-VHZBZ,0.24208175195741696,LOW,MONITOR
6402-SSEJG,0.17690861118134585,LOW,MONITOR
6738-ISCBM,0.12394642045263567,LOW,MONITOR
1877-HKBQX,0.1161654279088093,LOW,MONITOR
6133-OZILE,0.3734494342738536,MEDIUM,ENGAGE
6985-HAYWX,0.37928388755099,MEDIUM,ENGAGE
4830-FAXFM,0.13179642157624938,LOW,MONITOR
3259-FDWOY,0.07546614325719544,LOW,MONITOR
2690-DVRVK,0.10656483174113406,LOW,MONITOR
1987-AUELQ,0.0031016030786602334,LOW,MONITOR
6024-RUGGH,0.002952269446096917,LOW,MONITOR
5989-AXPUC,0.04587357432862878,LOW,MONITOR
8601-QACRS,0.4652598644677904,MEDIUM,ENGAGE
9269-CQOOL,0.41445757585219833,MEDIUM,ENGAGE
6005-OBZPH,0.6330598721084939,HIGH,URGENT
0303-UNCIP,0.07940793226057348,LOW,MONITOR
2202-OUTMO,0.12693975645189182,LOW,MONITOR
7851-FLGGQ,0.48988132043144583,MEDIUM,ENGAGE
3807-BPOMJ,0.19477924943362415,LOW,MONITOR
5568-DMXZS,0.40249270649473584,MEDIUM,ENGAGE
4088-YLDSU,0.25375329414861564,LOW,MONITOR
8148-WOCMK,0.03600485202243477,LOW,MONITOR
1699-UOTXU,0.010975986928937552,LOW,MONITOR
3279-DYZQM,0.0015121549378335846,LOW,MONITOR
0506-YLVKJ,0.0070278414606623745,LOW,MONITOR
1679-JRFBR,0.11009793914354175,LOW,MONITOR
5628-FCGYG,0.6639086315146928,HIGH,URGENT
0516-UXRMT,0.11783083715808317,LOW,MONITOR
0330-BGYZE,0.1464101213285408,LOW,MONITOR
4683-WYDOU,0.10531142218779355,LOW,MONITOR
8234-GSZYK,0.011390557016897679,LOW,MONITOR
2137-DQMEV,0.013539322356084755,LOW,MONITOR
5294-CDGWY,0.05429953983574944,LOW,MONITOR
2378-YIZKA,0.010213474007563112,LOW,MONITOR
2272-UOINI,0.3664519733385428,MEDIUM,ENGAGE
4718-WXBGI,0.013500597353444428,LOW,MONITOR
4578-PHJYZ,0.042288179154698215,LOW,MONITOR
9053-EJUNL,0.46918623894505146,MEDIUM,ENGAGE
4361-BKAXE,0.31327434693914435,MEDIUM,ENGAGE
6996-KNSML,0.6919294193363309,HIGH,URGENT
5566-SOEZD,0.1420032081520972,LOW,MONITOR
9585-KKMFD,0.009133112270650529,LOW,MONITOR
6575-SUVOI,0.2354805161076637,LOW,MONITOR
8181-YHCMF,0.012969863313144526,LOW,MONITOR
5550-VFRLC,0.7458814228930917,HIGH,URGENT
0840-DCNZE,0.048522207071647595,LOW,MONITOR
4433-JCGCG,0.569785926317469,MEDIUM,ENGAGE
7774-OJSXI,0.4182005813132761,MEDIUM,ENGAGE
1468-DEFNC,0.004983648194488259,LOW,MONITOR
7853-OETYL,0.5245225983808764,MEDIUM,ENGAGE
2675-OTVVJ,0.45684276333862267,MEDIUM,ENGAGE
8261-GWDBQ,0.08313978536565458,LOW,MONITOR
0564-JJHGS,0.7808628108772327,HIGH,URGENT
0432-CAJZV,0.6201980129321552,HIGH,URGENT
4950-BDEUX,0.2997364143729545,LOW,MONITOR
3850-OKINF,0.03277158316364288,LOW,MONITOR
7450-NWRTR,0.7757955236483486,HIGH,URGENT
0774-IFUVM,0.30998214767969756,MEDIUM,ENGAGE
5906-DVAPM,0.03284629305635013,LOW,MONITOR
4951-UKAAQ,0.7555454302725233,HIGH,URGENT
3402-XRIUO,0.18011011667079752,LOW,MONITOR
3523-QRQLL,0.15684607564464517,LOW,MONITOR
3373-YZZYM,0.16127494170746118,LOW,MONITOR
9715-WZCLW,0.07455334766393261,LOW,MONITOR
5701-ZIKJE,0.250402684982062,LOW,MONITOR
8124-NZVGJ,0.36154712778469683,MEDIUM,ENGAGE
3797-VTIDR,0.6415749610358826,HIGH,URGENT
0742-LAFQK,0.0645378631660711,LOW,MONITOR
0872-NXJYS,0.7011862275480445,HIGH,URGENT
6907-CQGPN,0.19568208395359202,LOW,MONITOR
5804-HYIEZ,0.25218723745457455,LOW,MONITOR
3301-VKTGC,0.053590975968965095,LOW,MONITOR
3043-TYBNO,0.32397323172731596,MEDIUM,ENGAGE
0730-KOAVE,0.38512361924015737,MEDIUM,ENGAGE
3934-HXCFZ,0.48597819066650094,MEDIUM,ENGAGE
9801-GDWGV,0.553224078644926,MEDIUM,ENGAGE
3070-BDOQC,0.11503641380926678,LOW,MONITOR
7799-LGRDP,0.016255209836974763,LOW,MONITOR
8749-CLJXC,0.19393960246870004,LOW,MONITOR
2896-TBNBE,0.15014556425809408,LOW,MONITOR
2826-UWHIS,0.24834438041825446,LOW,MONITOR
7524-VRLPL,0.01138069883442625,LOW,MONITOR
8932-CZHRQ,0.023841766160125132,LOW,MONITOR
5732-IKGQH,0.1366490234271196,LOW,MONITOR
2674-MIAHT,0.6287370385222467,HIGH,URGENT
9938-ZREHM,0.07561749061795431,LOW,MONITOR
2933-FILNV,0.497722964624682,MEDIUM,ENGAGE
7235-NXZCP,0.7039839525291428,HIGH,URGENT
5996-EBTKM,0.016084193904906122,LOW,MONITOR
7219-TLZHO,0.14909688638168903,LOW,MONITOR
5307-UVGNB,0.06933345978738083,LOW,MONITOR
9554-DFKIC,0.14397290391593945,LOW,MONITOR
5378-IKEEG,0.6973605532878808,HIGH,URGENT
3753-TSEMP,0.6333969143320436,HIGH,URGENT
2800-VEQXM,0.5844201162214128,MEDIUM,ENGAGE
2834-JKOOW,0.09394927862525285,LOW,MONITOR
0347-UBKUZ,0.11234517109492667,LOW,MONITOR
0487-VVUVK,0.07128575862851826,LOW,MONITOR
1574-DYCWE,0.004361245546491591,LOW,MONITOR
9481-WHGWY,0.008780967776387892,LOW,MONITOR
2519-LBNQL,0.2854346259347653,LOW,MONITOR
6988-CJEYV,0.42338400139803894,MEDIUM,ENGAGE
8849-AYPTR,0.4859817279020188,MEDIUM,ENGAGE
7459-RRWQZ,0.3445789066732359,MEDIUM,ENGAGE
5222-JCXZT,0.17064313694635921,LOW,MONITOR
2122-YWVYA,0.4837171558584307,MEDIUM,ENGAGE
8083-YTZES,0.7360775059580673,HIGH,URGENT
3863-QSTYI,0.08657234027840824,LOW,MONITOR
1334-PDUKM,0.07019399180051367,LOW,MONITOR
4003-OCTMP,0.09868435722814882,LOW,MONITOR
6728-VOIFY,0.1979037497607172,LOW,MONITOR
9924-JPRMC,0.07915188820625012,LOW,MONITOR
3108-PCCGG,0.015703758001210533,LOW,MONITOR
5502-RLUYV,0.3239174407303111,MEDIUM,ENGAGE
2660-EMUBI,0.8005465436086363,HIGH,URGENT
2302-ANTDP,0.32927709587694526,MEDIUM,ENGAGE
4957-TREIR,0.30234760958603885,MEDIUM,ENGAGE
8896-BQTTI,0.29541231510122745,LOW,MONITOR
0030-FNXPP,0.1859960523265237,LOW,MONITOR
6507-DTJZV,0.3122013717476707,MEDIUM,ENGAGE
8467-WYNSR,0.10836758465448648,LOW,MONITOR
9927-DSWDF,0.43827161574103146,MEDIUM,ENGAGE
4800-CZMPC,0.1774085498211299,LOW,MONITOR
2172-EJXVF,0.24488827342573652,LOW,MONITOR
1928-BXYIV,0.3849978397698658,MEDIUM,ENGAGE
6876-ADESB,0.3787263220754926,MEDIUM,ENGAGE
8245-UMPYT,0.7854343680880929,HIGH,URGENT
2037-SGXHH,0.4275331825528405,MEDIUM,ENGAGE
9705-ZJBCG,0.07132778299616863,LOW,MONITOR
1448-PWKYE,0.6398708371741182,HIGH,URGENT
7621-VPNET,0.30036806277500677,MEDIUM,ENGAGE
1661-CZBAU,0.058437392218136916,LOW,MONITOR
6261-LHRTG,0.18512370684523824,LOW,MONITOR
9972-EWRJS,0.0027638195560573658,LOW,MONITOR
8390-FESFV,0.02275243424732143,LOW,MONITOR
9361-YNQWJ,0.010899551717946569,LOW,MONITOR
6857-VWJDT,0.7077620988816742,HIGH,URGENT
5756-OZRIO,0.04464670108565131,LOW,MONITOR
6725-TPKJO,0.0072123903555961245,LOW,MONITOR
0233-FTHAV,0.12347181612342183,LOW,MONITOR
1042-HFUCW,0.07412417741798064,LOW,MONITOR
3207-OYBWH,0.30814765932758287,MEDIUM,ENGAGE
0684-AOSIH,0.6935899990339444,HIGH,URGENT
1839-UMACK,0.03072917184292104,LOW,MONITOR
6481-ESCNL,0.5058671606605188,MEDIUM,ENGAGE
0877-SDMBN,0.19210957747930102,LOW,MONITOR
6204-IEUXJ,0.45814491045233874,MEDIUM,ENGAGE
6732-FZUGP,0.1432599235790017,LOW,MONITOR
8128-YVJRG,0.5501468711457027,MEDIUM,ENGAGE
3217-FZDMN,0.6866193093560373,HIGH,URGENT
1767-TGTKO,0.4127947802859696,MEDIUM,ENGAGE
9928-BZVLZ,0.08043925415161625,LOW,MONITOR
4654-ULTTN,0.012913120379525718,LOW,MONITOR
1053-MXTTK,0.02964380695603268,LOW,MONITOR
0420-BWTPW,0.35565584405653733,MEDIUM,ENGAGE
3090-LETTY,0.25986797660911154,LOW,MONITOR
9907-SWKKF,0.5349239878923077,MEDIUM,ENGAGE
2250-IVBWA,0.08970443634886553,LOW,MONITOR
1432-FPAXX,0.3053145176191615,MEDIUM,ENGAGE
8868-GAGIO,0.22245670224942257,LOW,MONITOR
3488-PGMQJ,0.6482566381822412,HIGH,URGENT
2000-MPKCA,0.21344961051766792,LOW,MONITOR
9609-BENEA,0.1325417526618803,LOW,MONITOR
6664-FPDAC,0.29392935983060503,LOW,MONITOR
1353-LJWEM,0.3003326509930502,MEDIUM,ENGAGE
2845-AFFTX,0.6074729990837612,HIGH,URGENT
1088-AUUZZ,0.0164322213268414,LOW,MONITOR
3259-QMXUN,0.040495407632027226,LOW,MONITOR
2322-VCZHZ,0.4857937986520549,MEDIUM,ENGAGE
1915-OAKWD,0.06526400076398389,LOW,MONITOR
2990-OGYTD,0.02055164313746879,LOW,MONITOR
2972-YDYUW,0.15623638155349018,LOW,MONITOR
5197-LQXXH,0.02176441761447964,LOW,MONITOR
9507-HSMMZ,0.004518703795465428,LOW,MONITOR
4359-INNWN,0.05773062123304117,LOW,MONITOR
4712-AUQZO,0.19996530618861202,LOW,MONITOR
6586-MYGKD,0.016495453506398413,LOW,MONITOR
6813-GZQCG,0.011625361996085975,LOW,MONITOR
1580-BMCMR,0.5668088704398663,MEDIUM,ENGAGE
7024-OHCCK,0.8425258584957128,HIGH,URGENT
4194-FJARJ,0.01070722447826936,LOW,MONITOR
6007-TCTST,0.0473009763493294,LOW,MONITOR
7549-MYGPK,0.20998182659457848,LOW,MONITOR
2277-BKJKN,0.10183312987461673,LOW,MONITOR
2450-ZKEED,0.12291948848616152,LOW,MONITOR
0311-QYWSS,0.38767941855080945,MEDIUM,ENGAGE
0410-IPFTY,0.4051745123710421,MEDIUM,ENGAGE
2186-QZEYA,0.19092708614493906,LOW,MONITOR
9793-WECQC,0.4343329957704301,MEDIUM,ENGAGE
7018-WBJNK,0.5219075642898559,MEDIUM,ENGAGE
9317-WZPGV,0.7110604597856088,HIGH,URGENT
5606-AMZBO,0.5281594610349261,MEDIUM,ENGAGE
1552-CZCLL,0.014519090767615442,LOW,MONITOR
1518-VOWAV,0.4195075010967954,MEDIUM,ENGAGE
1325-USMEC,0.04464587197414001,LOW,MONITOR
4654-GGUII,0.11543942983787253,LOW,MONITOR
2074-GKOWZ,0.6553166710200242,HIGH,URGENT
5716-EZXZN,0.03721392374019363,LOW,MONITOR
3744-ZRRDZ,0.5892084789790052,MEDIUM,ENGAGE
4872-JCVCA,0.0068578960645810936,LOW,MONITOR
1766-GKNMI,0.6112062758856285,HIGH,URGENT
3606-TWKGI,0.7456645524089263,HIGH,URGENT
2359-KLTEK,0.3561219584445758,MEDIUM,ENGAGE
0354-WYROK,0.4788980967696443,MEDIUM,ENGAGE
5186-SAMNZ,0.6633852522077199,HIGH,URGENT
8314-DPQHL,0.15767626657618608,LOW,MONITOR
9788-YTFGE,0.19160338288268255,LOW,MONITOR
3519-ZKXGG,0.7530990274791606,HIGH,URGENT
1183-CANVH,0.10134552137417588,LOW,MONITOR
1248-DYXUB,0.005425015718907595,LOW,MONITOR
8058-JMEQO,0.7843923471619063,HIGH,URGENT
8380-MQINP,0.003556765817312405,LOW,MONITOR
7354-OIJLX,0.707270513094795,HIGH,URGENT
7064-FRRSW,0.36643522224252195,MEDIUM,ENGAGE
8739-WWKDU,0.6297349095720103,HIGH,URGENT
4803-LBYPN,0.03583340000418536,LOW,MONITOR
6284-AHOOQ,0.5401712453894011,MEDIUM,ENGAGE
5505-OVWQW,0.05444873856428122,LOW,MONITOR
5012-YSPJJ,0.08064502294501008,LOW,MONITOR
1216-JWVUX,0.4135302853319364,MEDIUM,ENGAGE
5696-CEIQJ,0.03329092889060212,LOW,MONITOR
7402-PWYJJ,0.23353414513112924,LOW,MONITOR
0336-KXKFK,0.014040141429892645,LOW,MONITOR
4676-WLUHT,0.01790744965034011,LOW,MONITOR
5287-QWLKY,0.20968957966844698,LOW,MONITOR
7009-LGECI,0.3303229515528807,MEDIUM,ENGAGE
2458-EOMRE,0.23815676086747023,LOW,MONITOR
3841-CONLJ,0.6375515362386345,HIGH,URGENT
6143-JQKEA,0.3500039048864004,MEDIUM,ENGAGE
8384-FZBJK,0.39185164990269594,MEDIUM,ENGAGE
6778-EICRF,0.11410408994558043,LOW,MONITOR
6532-YLWSI,0.009714020724081276,LOW,MONITOR
9560-ARGQJ,0.5981086829061224,MEDIUM,ENGAGE
5842-POCOP,0.5151259689764268,MEDIUM,ENGAGE
7537-RBWEA,0.5661685435353202,MEDIUM,ENGAGE
6946-LMSQS,0.40664051643557564,MEDIUM,ENGAGE
1846-XWOQN,0.746266712949149,HIGH,URGENT
2332-TODQS,0.017870629670549747,LOW,MONITOR
5394-MEITZ,0.019522385024302286,LOW,MONITOR
0859-YGKFW,0.04203819977818123,LOW,MONITOR
2580-ATZSQ,0.010296001862598976,LOW,MONITOR
4010-YLMVT,0.30598813382304774,MEDIUM,ENGAGE
0354-VXMJC,0.017402412442804823,LOW,MONITOR
2321-OMBXY,0.042943454151600335,LOW,MONITOR
3961-SXAXY,0.43750834129652294,MEDIUM,ENGAGE
9637-CDTKZ,0.04927548803793227,LOW,MONITOR
2351-RRBUE,0.07062471589515842,LOW,MONITOR
3026-ATZYV,0.05321078404481663,LOW,MONITOR
2135-DQWAQ,0.5954555782410541,MEDIUM,ENGAGE
8676-TRMJS,0.5956298045579411,MEDIUM,ENGAGE
7576-JMYWV,0.36804790684393357,MEDIUM,ENGAGE
0196-VULGZ,0.7952042794852113,HIGH,URGENT
5186-EJEGL,0.2272704946845036,LOW,MONITOR
6670-MFRPK,0.03915803935303837,LOW,MONITOR
2265-CYWIV,0.767635163664909,HIGH,URGENT
5331-RGMTT,0.41524826610344295,MEDIUM,ENGAGE
6142-VSJQO,0.39707546151417267,MEDIUM,ENGAGE
1122-JWTJW,0.5638226212477941,MEDIUM,ENGAGE
4077-CROMM,0.5302824342868191,MEDIUM,ENGAGE
1371-WEPDS,0.11090293863841366,LOW,MONITOR
3378-AJRAO,0.022659392650103655,LOW,MONITOR
5686-CMAWK,0.3223156178631929,MEDIUM,ENGAGE
4013-GUXND,0.19473566717011762,LOW,MONITOR
1298-PHBTI,0.04204929674979584,LOW,MONITOR
9256-JTBNZ,0.14072397657349006,LOW,MONITOR
9451-LPGOO,0.7635943126121573,HIGH,URGENT
8276-MQBYC,0.5174184968151206,MEDIUM,ENGAGE
6483-OATDN,0.24390239489120033,LOW,MONITOR
2424-WVHPL,0.6117519239925532,HIGH,URGENT
2712-SYWAY,0.39793993664838584,MEDIUM,ENGAGE
9129-UXERG,0.6070945923178934,HIGH,URGENT
6519-CFDBX,0.5270263648357384,MEDIUM,ENGAGE
5529-GIBVH,0.006787176209290075,LOW,MONITOR
8286-AFUYI,0.3555830001555641,MEDIUM,ENGAGE
9435-JMLSX,0.011181047513610137,LOW,MONITOR
0831-JNISG,0.0015227833811596995,LOW,MONITOR
6618-RYATB,0.6636801103794304,HIGH,URGENT
8229-BUJHX,0.0017457252566435153,LOW,MONITOR
2314-TNDJQ,0.0056339747335083365,LOW,MONITOR
0734-OXWBT,0.31828297344874484,MEDIUM,ENGAGE
4672-FOTSD,0.29526686106637945,LOW,MONITOR
4626-GYCZP,0.788959892364472,HIGH,URGENT
3453-RTHJQ,0.6652790890555011,HIGH,URGENT
5027-XWQHA,0.40176233560050684,MEDIUM,ENGAGE
2480-EJWYP,0.2252660042233761,LOW,MONITOR
6479-OAUSD,0.03775274737730578,LOW,MONITOR
3590-TCXTB,0.1942577314334352,LOW,MONITOR
1371-OJCEK,0.017402901977100715,LOW,MONITOR
9894-QMIMJ,0.09002137700891304,LOW,MONITOR
6765-MBQNU,0.0470737624626153,LOW,MONITOR
5448-VWNAM,0.18176784602939391,LOW,MONITOR
2969-WGHQO,0.14443349180212678,LOW,MONITOR
1027-LKKQQ,0.010362732114155403,LOW,MONITOR
0343-QLUZP,0.009361487042481945,LOW,MONITOR
9867-NNXLC,0.10625740159064585,LOW,MONITOR
2790-XUYMV,0.05150875143332743,LOW,MONITOR
0027-KWYKW,0.5961492918740245,MEDIUM,ENGAGE
2968-SSGAA,0.7711994999255926,HIGH,URGENT
9661-ACXBS,0.4843212086292783,MEDIUM,ENGAGE
7379-POKDZ,0.6850030906491867,HIGH,URGENT
1980-KXVPM,0.7223078262948015,HIGH,URGENT
9350-VLHMB,0.20553111123440532,LOW,MONITOR
7517-LDMPS,0.6447302773319766,HIGH,URGENT
2877-VDUER,0.07189492198545397,LOW,MONITOR
3884-UEBXB,0.006117544928282678,LOW,MONITOR
6469-QJKZW,0.24180538372944352,LOW,MONITOR
4726-DLWQN,0.11751610223978153,LOW,MONITOR
9974-JFBHQ,0.1667813832499187,LOW,MONITOR
4628-WQCQQ,0.2596178705573514,LOW,MONITOR
2207-OBZNX,0.2804924802270829,LOW,MONITOR
7242-QZLXF,0.6040384076704279,HIGH,URGENT
8816-VXNZD,0.767672393687849,HIGH,URGENT
0939-YAPAF,0.6205427320870508,HIGH,URGENT
2974-GGUXS,0.4820856197574912,MEDIUM,ENGAGE
1866-ZSLJM,0.08667919106029501,LOW,MONITOR
0325-XBFAC,0.713462068487728,HIGH,URGENT
5149-QYTTU,0.043377703381394385,LOW,MONITOR
7622-NXQZR,0.21655441789825433,LOW,MONITOR
7750-EYXWZ,0.28392921358846185,LOW,MONITOR
6317-YPKDH,0.46708234901251333,MEDIUM,ENGAGE
4980-URKXC,0.021504407844494988,LOW,MONITOR
2082-OJVTK,0.5412224113071048,MEDIUM,ENGAGE
6894-LFHLY,0.7868938318654619,HIGH,URGENT
1221-GHZEP,0.011682015113936543,LOW,MONITOR
1867-TJHTS,0.18098299672287224,LOW,MONITOR
4833-QTJNO,0.10928447168315943,LOW,MONITOR
2294-DMMUS,0.1200976101072479,LOW,MONITOR
7181-BQYBV,0.6934637629900415,HIGH,URGENT
4950-HKQTE,0.030874889697853035,LOW,MONITOR
3745-HRPHI,0.014131283547616325,LOW,MONITOR
4747-LCAQL,0.16351864149181963,LOW,MONITOR
5968-HYJRZ,0.006993767201922952,LOW,MONITOR
2239-CFOUJ,0.08879707939015859,LOW,MONITOR
7905-TVXTA,0.3725486960530579,MEDIUM,ENGAGE
1436-ZMJAN,0.4247161538458402,MEDIUM,ENGAGE
2987-BJXIK,0.015481709547629447,LOW,MONITOR
8738-JOKAR,0.04246418403203223,LOW,MONITOR
0402-OAMEN,0.0022754179012231318,LOW,MONITOR
1024-VRZHF,0.6835233144569769,HIGH,URGENT
4118-CEVPF,0.23265760681212988,LOW,MONITOR
4884-TVUQF,0.058608257704818076,LOW,MONITOR
4177-JPDFU,0.2632955666871126,LOW,MONITOR
7242-EDTYC,0.006208223632388596,LOW,MONITOR
2928-HLDBA,0.16503850589778932,LOW,MONITOR
7072-MBHEV,0.5825794356373889,MEDIUM,ENGAGE
6288-LBEAR,0.3314286465043016,MEDIUM,ENGAGE
8317-BVKSO,0.20040147755745716,LOW,MONITOR
5561-NWEVX,0.710748996952306,HIGH,URGENT
5095-AESKG,0.6928873299738896,HIGH,URGENT
6695-FRVEC,0.005425288761232105,LOW,MONITOR
4163-KIUHY,0.10861627089027338,LOW,MONITOR
7239-HZZCX,0.1936218692976106,LOW,MONITOR
5897-ZYEKH,0.20950591232418012,LOW,MONITOR
2616-UUTFK,0.16020616118124084,LOW,MONITOR
7110-BDTWG,0.020023492637531174,LOW,MONITOR
6292-TOSSS,0.007871531936367715,LOW,MONITOR
4588-YBNIB,0.25060497578266544,LOW,MONITOR
4785-QRJHC,0.09695065486894171,LOW,MONITOR
5760-WRAHC,0.18937903812139492,LOW,MONITOR
5724-BIDBU,0.06345294646001787,LOW,MONITOR
5304-EFJLP,0.08204091403171346,LOW,MONITOR
2929-QNSRW,0.2850388504858898,LOW,MONITOR
0959-WHOKV,0.2373804117552101,LOW,MONITOR
6128-DAFVY,0.1597148735652476,LOW,MONITOR
0612-RTZZA,0.6322169997247038,HIGH,URGENT
7950-XWOVN,0.30844020649426845,MEDIUM,ENGAGE
7748-UMTRK,0.6012721984294012,HIGH,URGENT
4091-TVOCN,0.06761364779878322,LOW,MONITOR
9975-GPKZU,0.005566445054457807,LOW,MONITOR
5214-NLTIT,0.05400790586228438,LOW,MONITOR
6917-IAYHD,0.3252692331155031,MEDIUM,ENGAGE
4785-FCIFB,0.004433487794841401,LOW,MONITOR
4822-YCXMX,0.6332879352020863,HIGH,URGENT
8612-GXIDD,0.051632653737334666,LOW,MONITOR
1730-ZMAME,0.5643015536673262,MEDIUM,ENGAGE
0620-XEFWH,0.14196780834547904,LOW,MONITOR
5229-DTFYB,0.11407468880865114,LOW,MONITOR
0581-MDMPW,0.541675428481117,MEDIUM,ENGAGE
1814-WFGVS,0.005139999912701417,LOW,MONITOR
9114-VEPUF,0.11973725221759506,LOW,MONITOR
6060-DRTNL,0.6448809197058782,HIGH,URGENT
2454-RPBRZ,0.7074299819438112,HIGH,URGENT
4607-CHPCA,0.39395627502363745,MEDIUM,ENGAGE
1385-TQOZW,0.19314275866429878,LOW,MONITOR
3249-ZPQRG,0.6421010791472621,HIGH,URGENT
9360-AHGNL,0.22226953907628694,LOW,MONITOR
3806-YAZOV,0.18491474783721343,LOW,MONITOR
4647-XXZAM,0.2772125508550672,LOW,MONITOR
0484-JPBRU,0.05961027425713855,LOW,MONITOR
2839-RFSQE,0.1945272591782195,LOW,MONITOR
6331-EWIEB,0.6686760827009711,HIGH,URGENT
3049-NDXFL,0.6729503275930846,HIGH,URGENT
3009-JWMPU,0.2563245732344961,LOW,MONITOR
1142-IHLOO,0.16546513065973836,LOW,MONITOR
7021-XSNYE,0.08096204537154045,LOW,MONITOR
6963-KQYQB,0.0024349505263235134,LOW,MONITOR
8095-WANWK,0.28419213454521874,LOW,MONITOR
5115-GZDEL,0.008016072629970634,LOW,MONITOR
6509-TSGWN,0.044872265103805,LOW,MONITOR
3090-HAWSU,0.07825929081494343,LOW,MONITOR
1017-FBQMM,0.15018582757113016,LOW,MONITOR
5482-PLVPE,0.6189750574510897,HIGH,URGENT
2511-MORQY,0.035893428017532855,LOW,MONITOR
6176-YJWAS,0.04158787934363508,LOW,MONITOR
0567-GGCAC,0.26278236158109536,LOW,MONITOR
7994-UYIVZ,0.6794668361300727,HIGH,URGENT
9650-VBUOG,0.011634865876775946,LOW,MONITOR
5014-GSOUQ,0.03300592223755091,LOW,MONITOR
5590-ZSKRV,0.16899648890815747,LOW,MONITOR
0654-PQKDW,0.01839781147702053,LOW,MONITOR
3486-KHMLI,0.08841423533962216,LOW,MONITOR
2361-FJWNO,0.05072627356503277,LOW,MONITOR
9526-JAWYF,0.42343133585399767,MEDIUM,ENGAGE
1226-IENZN,0.6682783861788765,HIGH,URGENT
4353-HYOJD,0.11813660927674279,LOW,MONITOR
4456-RHSNB,0.2182338814607515,LOW,MONITOR
5666-CYCYZ,0.6027899645401269,HIGH,URGENT
5639-NTUPK,0.21252667191426092,LOW,MONITOR
8107-RZLNV,0.08275757081455556,LOW,MONITOR
2876-VBBBL,0.25143342957311615,LOW,MONITOR
2371-JQHZZ,0.6862180329632734,HIGH,URGENT
0823-HSCDJ,0.23537284747620277,LOW,MONITOR
3978-YNKDD,0.022505715952577384,LOW,MONITOR
0822-GAVAP,0.6942861546303004,HIGH,URGENT
4868-AADLV,0.15223579810070123,LOW,MONITOR
1393-IMKZG,0.7323235005103927,HIGH,URGENT
6907-FLBER,0.479666742513232,MEDIUM,ENGAGE
8017-UVSZU,0.1297438397361006,LOW,MONITOR
2410-CIYFZ,0.1588566264314108,LOW,MONITOR
8777-MBMTS,0.06982814547572685,LOW,MONITOR
5233-AOZUF,0.5449637862203628,MEDIUM,ENGAGE
7164-BPTUT,0.014299601220269804,LOW,MONITOR
1583-IHQZE,0.5734034635651962,MEDIUM,ENGAGE
0363-QJVFX,0.3742669708699379,MEDIUM,ENGAGE
5334-JLAXU,0.20568552917508431,LOW,MONITOR
2642-MAWLJ,0.0096558782221669,LOW,MONITOR
6234-RAAPL,0.023990381442332866,LOW,MONITOR
1925-TIBLE,0.758981057250427,HIGH,URGENT
8849-PRIQJ,0.13293880550472056,LOW,MONITOR
8945-MUQUF,0.19122945755960186,LOW,MONITOR
6101-IMRMM,0.5247602143305763,MEDIUM,ENGAGE
0455-ENTCR,0.019860314896783113,LOW,MONITOR
2245-ADZFJ,0.05339803687162509,LOW,MONITOR
0177-PXBAT,0.4233361327712899,MEDIUM,ENGAGE
5173-WXOQV,0.35091547286026353,MEDIUM,ENGAGE
1658-TJVOA,0.6217300019866454,HIGH,URGENT
6376-GAHQE,0.6529137956679668,HIGH,URGENT
6897-UUBNU,0.2736428839472646,LOW,MONITOR
9944-AEXBM,0.4963476377204974,MEDIUM,ENGAGE
4973-RLZVI,0.0491301006657941,LOW,MONITOR
1635-HDGFT,0.02169559697646516,LOW,MONITOR
1159-WFSGR,0.12602964268903494,LOW,MONITOR
5419-KLXBN,0.37505435818319216,MEDIUM,ENGAGE
1272-ILHFG,0.04646212416467928,LOW,MONITOR
8062-YBDOE,0.7360290635850236,HIGH,URGENT
8873-GLDMH,0.6451804624426798,HIGH,URGENT
9975-SKRNR,0.19272377396647664,LOW,MONITOR
7854-EKTJL,0.2806758037515883,LOW,MONITOR
9114-AAFQH,0.08205956794544329,LOW,MONITOR
1589-AGTLK,0.504729847712395,MEDIUM,ENGAGE
3969-GYXEL,0.47517450938196204,MEDIUM,ENGAGE
7854-EDSSA,0.21051081433367216,LOW,MONITOR
9467-ROOLM,0.07004426579058944,LOW,MONITOR
8992-CEUEN,0.2724341156343657,LOW,MONITOR
9828-QHFBK,0.22583206713199555,LOW,MONITOR
9722-UJOJR,0.40654233207363627,MEDIUM,ENGAGE
7538-GWHML,0.6459867621658691,HIGH,URGENT
3834-XUIFC,0.6806740404388857,HIGH,URGENT
4729-XKASR,0.5340216087303087,MEDIUM,ENGAGE
1032-MAELW,0.02793117404004782,LOW,MONITOR
7279-BUYWN,0.5187740817575086,MEDIUM,ENGAGE
3251-YMVWZ,0.013174388701132597,LOW,MONITOR
8270-RKSAP,0.6397044985243918,HIGH,URGENT
4208-UFFGW,0.38469296276012516,MEDIUM,ENGAGE
9695-IDRZR,0.11139973325798042,LOW,MONITOR
2696-ECXKC,0.122179165365017,LOW,MONITOR
3957-HHLMR,0.019570042688637757,LOW,MONITOR
3006-XIMLN,0.7285853667714479,HIGH,URGENT
6064-ZATLR,0.030512943653674685,LOW,MONITOR
1336-EZFZY,0.17900730915919408,LOW,MONITOR
1226-UDFZR,0.38728932571215835,MEDIUM,ENGAGE
6036-TTFYU,0.10445876473265185,LOW,MONITOR
6023-GSSXW,0.015149511970637472,LOW,MONITOR
5456-ITGIC,0.014302343112113852,LOW,MONITOR
5982-PSMKW,0.06167026326457062,LOW,MONITOR
3452-GWUIN,0.7590616305814717,HIGH,URGENT
3642-BYHDO,0.0016881482846090176,LOW,MONITOR
0621-CXBKL,0.004788734451578721,LOW,MONITOR
5650-YLIBA,0.5028714270898421,MEDIUM,ENGAGE
3506-LCJDC,0.16949297629977053,LOW,MONITOR
4993-JCRGJ,0.3885182906686171,MEDIUM,ENGAGE
2043-WVTQJ,0.24774442385837575,LOW,MONITOR
4016-BJKTZ,0.22262901647117403,LOW,MONITOR
6418-PIQSP,0.012301946759296722,LOW,MONITOR
2141-RRYGO,0.4703806933755978,MEDIUM,ENGAGE
0224-HJAPT,0.4748715041643545,MEDIUM,ENGAGE
7137-RYLPP,0.5706234171584018,MEDIUM,ENGAGE
4800-VHZKI,0.25098711318201267,LOW,MONITOR
2209-XADXF,0.5097691796267186,MEDIUM,ENGAGE
5855-EIBDE,0.054974147495292565,LOW,MONITOR
6980-CDGFC,0.006484616620887347,LOW,MONITOR
6892-EZDTG,0.7475082737395347,HIGH,URGENT
1431-AIDJQ,0.03348773157039053,LOW,MONITOR
1073-XXCZD,0.006282010597404335,LOW,MONITOR
0620-DLSLK,0.5715887918525864,MEDIUM,ENGAGE
8044-BGWPI,0.18496898353028518,LOW,MONITOR
6646-VRFOL,0.4813448809282107,MEDIUM,ENGAGE
3243-ZHOHY,0.056517013637691384,LOW,MONITOR
9867-JCZSP,0.045139227816481116,LOW,MONITOR
4503-BDXBD,0.5164100468371073,MEDIUM,ENGAGE
8063-RJYNF,0.5933796488341433,MEDIUM,ENGAGE
6137-MFAJN,0.14410508826280513,LOW,MONITOR
2144-ESWKO,0.054728182480996306,LOW,MONITOR
6419-ZTTLE,0.084732624748076,LOW,MONITOR
6682-QJDGB,0.06563484517100661,LOW,MONITOR
0839-JTCUD,0.01235751126680925,LOW,MONITOR
8760-ZRHKE,0.027473873951782968,LOW,MONITOR
5976-JCJRH,0.6299547422692786,HIGH,URGENT
0946-CLJTI,0.4765557642510845,MEDIUM,ENGAGE
4129-LYCOI,0.09630868232482263,LOW,MONITOR
9762-YAQAA,0.17096042734295822,LOW,MONITOR
5572-ZDXHY,0.466452670601128,MEDIUM,ENGAGE
4248-QPAVC,0.4897142880891071,MEDIUM,ENGAGE
1941-HOSAM,0.7353179541180401,HIGH,URGENT
3606-SBKRY,0.25435087664861955,LOW,MONITOR
4273-MBHYA,0.7483165407914427,HIGH,URGENT
8495-PRWFH,0.19195241103186328,LOW,MONITOR
9537-JALFH,0.0017772465922192841,LOW,MONITOR
4955-VCWBI,0.012336221693036008,LOW,MONITOR
9127-QRZMH,0.029138757702507123,LOW,MONITOR
6173-GOLSU,0.3243991279491309,MEDIUM,ENGAGE
3275-RHRNE,0.13230211822343754,LOW,MONITOR
1685-BQULA,0.38871189553336727,MEDIUM,ENGAGE
5201-CBWYG,0.006832605004241468,LOW,MONITOR
0248-IPDFW,0.6047337967154633,HIGH,URGENT
7730-CLDSV,0.04166378124360281,LOW,MONITOR
8819-ZBYNA,0.07754409739558232,LOW,MONITOR
3370-GQEAL,0.46459969699119624,MEDIUM,ENGAGE
9747-DDZOS,0.5427385256034644,MEDIUM,ENGAGE
1527-SXDPN,0.07830752559062062,LOW,MONITOR
7542-CYDDM,0.09353915551761612,LOW,MONITOR
4632-PAOYU,0.03297692171281632,LOW,MONITOR
5451-YHYPW,0.06615176410101715,LOW,MONITOR
8718-PTMEZ,0.48172826248875583,MEDIUM,ENGAGE
9058-CBREO,0.4755658711146298,MEDIUM,ENGAGE
1867-BDVFH,0.6394439783156339,HIGH,URGENT
6139-ZZRBQ,0.004323675794053883,LOW,MONITOR
4641-FROLU,0.012234560426081233,LOW,MONITOR
9972-NKTFD,0.11551446358145921,LOW,MONITOR
2869-ADAWR,0.37097191911695543,MEDIUM,ENGAGE
1360-JYXKQ,0.23671781743774944,LOW,MONITOR
0447-RXSGD,0.5846045040018257,MEDIUM,ENGAGE
5882-CMAZQ,0.38136037747493834,MEDIUM,ENGAGE
0103-CSITQ,0.17976603953600492,LOW,MONITOR
5276-KQWHG,0.7381709755693383,HIGH,URGENT
9067-YGSCA,0.006496895834632731,LOW,MONITOR
1740-CSDJP,0.6167442289137478,HIGH,URGENT
3563-SVYLG,0.003640040181243211,LOW,MONITOR
5655-JSMZM,0.5653160672673049,MEDIUM,ENGAGE
9397-TZSHA,0.003353021456279687,LOW,MONITOR
2482-CZGBB,0.6349548620282495,HIGH,URGENT
8535-SFUTN,0.34387450647890166,MEDIUM,ENGAGE
4860-YZGZM,0.1859819259738394,LOW,MONITOR
3675-EQOZA,0.17263553710800966,LOW,MONITOR
8085-MSNLK,0.04622561927185314,LOW,MONITOR
7649-PHJVR,0.06837618376403891,LOW,MONITOR
9661-JALZV,0.007784003332961139,LOW,MONITOR
9548-LIGTA,0.014501663140432414,LOW,MONITOR
1830-IPXVJ,0.0028981646653258334,LOW,MONITOR
0520-FDVVT,0.2700552710914584,LOW,MONITOR
3823-KYNQY,0.09022609492715025,LOW,MONITOR
5047-LHVLY,0.3897586508832751,MEDIUM,ENGAGE
5565-FILXA,0.7828172312384968,HIGH,URGENT
7244-QWYHG,0.043174478899347425,LOW,MONITOR
9351-LZYGF,0.0886150398784906,LOW,MONITOR
5006-MXVRN,0.01045446874156135,LOW,MONITOR
9112-WSNPU,0.38954316480116263,MEDIUM,ENGAGE
0689-NKYLF,0.6249312923337338,HIGH,URGENT
2862-JVEOY,0.08580576620666437,LOW,MONITOR
4817-QRJSX,0.598452129464111,MEDIUM,ENGAGE
8874-EJNSR,0.01038838623490228,LOW,MONITOR
0257-ZESQC,0.34783048687460577,MEDIUM,ENGAGE
7641-TQFHN,0.11056412771340413,LOW,MONITOR
6994-KERXL,0.5485729860585632,MEDIUM,ENGAGE
8976-OQHGT,0.21159803286193893,LOW,MONITOR
8646-JCOMS,0.08304286695479153,LOW,MONITOR
4110-PFEUZ,0.5585590211481635,MEDIUM,ENGAGE
2926-JEJJC,0.11123722997136705,LOW,MONITOR
6244-BESBM,0.04985733527868783,LOW,MONITOR
2856-HYAPG,0.652415687894411,HIGH,URGENT
0602-DDUML,0.012658104652668744,LOW,MONITOR
0428-AXXLJ,0.04882556621978264,LOW,MONITOR
4646-QZXTF,0.2458617701817705,LOW,MONITOR
6979-TNDEU,0.1506602264699039,LOW,MONITOR
0550-DCXLH,0.24694749092446894,LOW,MONITOR
6267-DCFFZ,0.5988931636417236,MEDIUM,ENGAGE
5605-XNWEN,0.004191558152020884,LOW,MONITOR
1796-JANOW,0.1937910265197716,LOW,MONITOR
9681-OXGVC,0.7932476500828549,HIGH,URGENT
8486-AYEQH,0.5302764367452416,MEDIUM,ENGAGE
6034-ZRYCV,0.029204243977593327,LOW,MONITOR
4553-DVPZG,0.4231204283627455,MEDIUM,ENGAGE
5092-STPKP,0.11317808652879752,LOW,MONITOR
0876-WDUUZ,0.5929047458951748,MEDIUM,ENGAGE
0266-CLZKZ,0.06754820623874928,LOW,MONITOR
7729-JTEEC,0.45918911984087396,MEDIUM,ENGAGE
5650-VDUDS,0.5284577144988296,MEDIUM,ENGAGE
0970-QXPXW,0.20143584544137735,LOW,MONITOR
4992-LTJNE,0.006139351222879545,LOW,MONITOR
1335-MXCSE,0.012621644593580145,LOW,MONITOR
3174-RKMOW,0.4573392060918169,MEDIUM,ENGAGE
6630-UJZMY,0.7981652437387076,HIGH,URGENT
1396-QWFBJ,0.3719904398921866,MEDIUM,ENGAGE
3161-ONRWK,0.012909125086778085,LOW,MONITOR
7181-OQCUT,0.4430610356801268,MEDIUM,ENGAGE
3312-ZWLGF,0.5158187301122014,MEDIUM,ENGAGE
9092-GDZKO,0.1375567905847889,LOW,MONITOR
7674-YTAFD,0.16236547779897048,LOW,MONITOR
6463-MVYRY,0.012783978910887528,LOW,MONITOR
4367-NUYAO,0.06493631623697538,LOW,MONITOR
5365-LLFYV,0.42977706923243864,MEDIUM,ENGAGE
5666-MBJPT,0.005280280293942052,LOW,MONITOR
8374-XGEJJ,0.5771423709212442,MEDIUM,ENGAGE
8237-ULIXL,0.002930585867250601,LOW,MONITOR
1767-CJKBA,0.003548782328525449,LOW,MONITOR
7311-MQJCH,0.1341891428379283,LOW,MONITOR
8028-PNXHQ,0.004600187233953671,LOW,MONITOR
1707-HABPF,0.18706606311601082,LOW,MONITOR
0430-IHCDJ,0.4459032403899446,MEDIUM,ENGAGE
9474-PHLYD,0.42331252172109446,MEDIUM,ENGAGE
6469-MRVET,0.16151309238030032,LOW,MONITOR
1794-HBQTJ,0.3562860355249159,MEDIUM,ENGAGE
5180-UCIIQ,0.22147017524870083,LOW,MONITOR
2079-FBMZK,0.5824866795843371,MEDIUM,ENGAGE
3329-WDIOK,0.6871582221473772,HIGH,URGENT
3334-CTHOL,0.5195438094763536,MEDIUM,ENGAGE
0365-TRTPY,0.22912762074643225,LOW,MONITOR
0327-WFZSY,0.29179617354214576,LOW,MONITOR
0960-HUWBM,0.07046214185036488,LOW,MONITOR
5919-VCZYM,0.18638390273820232,LOW,MONITOR
8992-VONJD,0.25377225017444915,LOW,MONITOR
7398-HPYZQ,0.012118588432437903,LOW,MONITOR
6873-UDNLD,0.1288562636551133,LOW,MONITOR
7272-QDCKA,0.3956276081884207,MEDIUM,ENGAGE
9965-YOKZB,0.7764187816788931,HIGH,URGENT
4285-GYRQC,0.681786270084519,HIGH,URGENT
9878-TNQGW,0.7409358325436128,HIGH,URGENT
3566-HJGPK,0.42663961603397443,MEDIUM,ENGAGE
2685-SREOM,0.585936967853673,MEDIUM,ENGAGE
7688-AWMDX,0.00424216767501524,LOW,MONITOR
5093-FEGLU,0.006753969137985915,LOW,MONITOR
3916-NRPAP,0.5715945993196181,MEDIUM,ENGAGE
5148-HKFIR,0.024810417859412424,LOW,MONITOR
0781-LKXBR,0.792251792409122,HIGH,URGENT
2863-IMQDR,0.02347287319180062,LOW,MONITOR
0078-XZMHT,0.021909098232196677,LOW,MONITOR
9500-LTVBP,0.29945410894289,LOW,MONITOR
0221-WMXNQ,0.558662039889785,MEDIUM,ENGAGE
4547-FZJWE,0.02251291834614914,LOW,MONITOR
6131-IUNXN,0.07674632434505681,LOW,MONITOR
7228-PAQPD,0.14561298742554996,LOW,MONITOR
2810-FTLEM,0.2922730128227834,LOW,MONITOR
8457-XIGKN,0.11549818289919891,LOW,MONITOR
0206-TBWLC,0.13465361159619474,LOW,MONITOR
5204-HMGYF,0.03723324499416008,LOW,MONITOR
8818-DOPVL,0.5553970721223124,MEDIUM,ENGAGE
7722-CVFXN,0.21453887973923305,LOW,MONITOR
1064-FBXNK,0.09403834513279716,LOW,MONITOR
1100-DDVRV,0.4299834152198583,MEDIUM,ENGAGE
8610-ZIKJJ,0.08857834116550957,LOW,MONITOR
1265-BCFEO,0.024235632542402803,LOW,MONITOR
9933-QRGTX,0.07076571797140153,LOW,MONITOR
3746-EUBYR,0.6841400061384649,HIGH,URGENT
9419-IPPBE,0.23423730715671817,LOW,MONITOR
5747-PMBSQ,0.4776290629989834,MEDIUM,ENGAGE
6603-YRDCJ,0.022635789724172104,LOW,MONITOR
3841-NFECX,0.03237562535164167,LOW,MONITOR
9610-WCESF,0.012456976226746214,LOW,MONITOR
6689-TCZHQ,0.7009883759891802,HIGH,URGENT
3737-XBQDD,0.44340395161849144,MEDIUM,ENGAGE
2038-YSEZE,0.10153501496220253,LOW,MONITOR
8382-SHQEH,0.7632315576354464,HIGH,URGENT
2834-SPCJV,0.20568814808160366,LOW,MONITOR
8049-WJCLQ,0.24826510192079607,LOW,MONITOR
3900-AQPHZ,0.20170860745843927,LOW,MONITOR
9992-RRAMN,0.6559823139626053,HIGH,URGENT
5939-SXWHM,0.007228672992769319,LOW,MONITOR
1240-KNSEZ,0.24195739042012887,LOW,MONITOR
7399-QHBJS,0.005123315429359569,LOW,MONITOR
1936-UAFEH,0.04550609026117819,LOW,MONITOR
7570-WELNY,0.03591252554414135,LOW,MONITOR
2842-JTCCU,0.3621634986022629,MEDIUM,ENGAGE
4697-LUPSU,0.08463378832427719,LOW,MONITOR
9251-WNSOD,0.02291918429894901,LOW,MONITOR
5569-IDSEY,0.15235656875621653,LOW,MONITOR
2874-YXVVA,0.4605917589445134,MEDIUM,ENGAGE
7831-QGOXH,0.6929614264499051,HIGH,URGENT
5384-ZTTWP,0.09123132598026783,LOW,MONITOR
5630-AHZIL,0.27731757185227107,LOW,MONITOR
0691-IFBQW,0.29741050582360584,LOW,MONITOR
1025-FALIX,0.41784089907292565,MEDIUM,ENGAGE
3755-JBMNH,0.5339916927144711,MEDIUM,ENGAGE
9506-UXUSK,0.608315818054487,HIGH,URGENT
9674-EHPPG,0.015209921471805693,LOW,MONITOR
2057-ZBLPD,0.6775074970645882,HIGH,URGENT
1095-JUDTC,0.42471137193851677,MEDIUM,ENGAGE
4378-MYPGO,0.04051855416339431,LOW,MONITOR
6994-ORCWG,0.20381171702057901,LOW,MONITOR
0100-DUVFC,0.23009744838488663,LOW,MONITOR
2831-EBWRN,0.4957261655016282,MEDIUM,ENGAGE
6746-WAUWT,0.06539208665447163,LOW,MONITOR
5022-JNQEQ,0.5327068955012702,MEDIUM,ENGAGE
9779-DPNEJ,0.5513569855903664,MEDIUM,ENGAGE
3280-MRDOF,0.07912860621250745,LOW,MONITOR
5913-INRQV,0.1302453627212496,LOW,MONITOR
1098-KFQEC,0.003783536002646636,LOW,MONITOR
1136-XGEQU,0.0668697663213421,LOW,MONITOR
7850-VWJUU,0.3581684852915452,MEDIUM,ENGAGE
8544-JNBOX,0.0024717852440129923,LOW,MONITOR
0504-HHAPI,0.504343788609689,MEDIUM,ENGAGE
3878-AVSOQ,0.7476761412233446,HIGH,URGENT
2379-ENZGV,0.6696128881808323,HIGH,URGENT
0980-FEXWF,0.06627479785271809,LOW,MONITOR
7564-GHCVB,0.02152153696125938,LOW,MONITOR
6537-OTKMY,0.3331530895747209,MEDIUM,ENGAGE
1960-UYCNN,0.69444428860409,HIGH,URGENT
9518-XXBXE,0.5001962799787523,MEDIUM,ENGAGE
1757-TCATG,0.01877666044049867,LOW,MONITOR
3518-FSTWG,0.07132277366998056,LOW,MONITOR
0810-BDHAW,0.1448686533009538,LOW,MONITOR
5103-MHMHY,0.32726270809809427,MEDIUM,ENGAGE
5766-FTRTS,0.007477921488710245,LOW,MONITOR
5688-KZTSN,0.15968187115070565,LOW,MONITOR
1442-BQPVU,0.4097120375761924,MEDIUM,ENGAGE
1447-PJGGA,0.13852430632408097,LOW,MONITOR
4581-SSPWD,0.7567842148331217,HIGH,URGENT
9764-REAFF,0.0035977107250430825,LOW,MONITOR
3838-OZURD,0.30252049541210096,MEDIUM,ENGAGE
8207-DMRVL,0.03265596959989935,LOW,MONITOR
3948-KXDUF,0.0067089891267401135,LOW,MONITOR
5345-BMKWB,0.14244139473858064,LOW,MONITOR
0289-IVARM,0.10256359360207244,LOW,MONITOR
5692-ICXLW,0.5941095093650256,MEDIUM,ENGAGE
0784-GTUUK,0.010945992613050038,LOW,MONITOR
1708-PBBOA,0.08042060266913613,LOW,MONITOR
6410-LEFEN,0.3841151078399527,MEDIUM,ENGAGE
3258-SANFR,0.3603305908426956,MEDIUM,ENGAGE
9970-QBCDA,0.17416313994222882,LOW,MONITOR
6789-HJBWG,0.3826534315226782,MEDIUM,ENGAGE
2058-DCJBE,0.6719170049310422,HIGH,URGENT
8197-BFWVU,0.01440504710911082,LOW,MONITOR
2139-FQHLM,0.35066948454927066,MEDIUM,ENGAGE
1047-NNCBF,0.3990869691709547,MEDIUM,ENGAGE
4462-CYWMH,0.28481434771929465,LOW,MONITOR
1866-NXPSP,0.050548101703163956,LOW,MONITOR
2650-GYRYL,0.02642709159952713,LOW,MONITOR
3800-LYTRK,0.0814729246499936,LOW,MONITOR
2208-MPXIO,0.008155694449683944,LOW,MONITOR
0619-OLYUR,0.05866781958560964,LOW,MONITOR
7781-EWARA,0.029667953168313627,LOW,MONITOR
4635-EJYPD,0.010449601815057177,LOW,MONITOR
5176-LDKUH,0.1391182061002929,LOW,MONITOR
0644-OQMDK,0.7163249491582423,HIGH,URGENT
2002-MZHWP,0.20236436212486125,LOW,MONITOR
2039-JONDJ,0.05549225914452256,LOW,MONITOR
7109-CQYUZ,0.027181717921136356,LOW,MONITOR
3785-NRHYR,0.19351604618054144,LOW,MONITOR
1625-JAIIY,0.14653805540575476,LOW,MONITOR
0895-DQHEW,0.4161404672216249,MEDIUM,ENGAGE
5429-LWCMV,0.7059517106796566,HIGH,URGENT
3768-VHXQO,0.0033991124536954702,LOW,MONITOR
4824-GUCBY,0.3879936495050878,MEDIUM,ENGAGE
8414-OOEEL,0.014738129153586185,LOW,MONITOR
2961-VNFKL,0.0040552758972664076,LOW,MONITOR
8129-GMVGI,0.0033711556480670916,LOW,MONITOR
5726-CVNYA,0.046769291066558645,LOW,MONITOR
0872-CASZJ,0.033872427304706236,LOW,MONITOR
2612-RRIDN,0.7202622937283791,HIGH,URGENT
9589-ABEPT,0.047751787721073746,LOW,MONITOR
7055-HNEOJ,0.309840752903807,MEDIUM,ENGAGE
0939-EREMR,0.1649383758352421,LOW,MONITOR
8580-AECUZ,0.7659710026579001,HIGH,URGENT
6899-PPEEA,0.6622710776824656,HIGH,URGENT
3785-KTYSH,0.006457603857624019,LOW,MONITOR
0902-RFHOF,0.018676530627629296,LOW,MONITOR
9725-SCPZG,0.7407448388936829,HIGH,URGENT
3714-XPXBW,0.12636402172765668,LOW,MONITOR
1989-PRJHP,0.5824726434381753,MEDIUM,ENGAGE
8329-GWVPJ,0.1951806530852755,LOW,MONITOR
2408-WITXK,0.6473293867292421,HIGH,URGENT
6942-LBFDP,0.24221570643210508,LOW,MONITOR
0595-ITUDF,0.16096060725272243,LOW,MONITOR
3717-LNXKW,0.29564713285154554,LOW,MONITOR
9586-JGQKH,0.09086752555877124,LOW,MONITOR
9102-IAYHT,0.66048764638461,HIGH,URGENT
5294-IMHHT,0.12148077630170305,LOW,MONITOR
8328-SKJNO,0.061834113615053844,LOW,MONITOR
8512-WIWYV,0.027421829588344628,LOW,MONITOR
5996-NRVXR,0.12861398295893206,LOW,MONITOR
3923-CSIHK,0.3229659577386075,MEDIUM,ENGAGE
9490-DFPMD,0.5432747651907219,MEDIUM,ENGAGE
5133-VRSAB,0.3085523257173802,MEDIUM,ENGAGE
4134-BSXLX,0.07695582609883674,LOW,MONITOR
5729-KLZAR,0.6281512970865464,HIGH,URGENT
4369-HTUIF,0.5703101374438238,MEDIUM,ENGAGE
1320-REHCS,0.45458841340922407,MEDIUM,ENGAGE
1585-MQSSU,0.18007070531953165,LOW,MONITOR
0268-QKIWO,0.25426520621244264,LOW,MONITOR
0968-GSIKN,0.6285695196610641,HIGH,URGENT
7249-WBIYX,0.7285983914811995,HIGH,URGENT
3442-ZHHCC,0.0297465507264725,LOW,MONITOR
2876-GZYZC,0.7397616035459779,HIGH,URGENT
5989-OMNJE,0.1456562991433467,LOW,MONITOR
5035-PGZXH,0.29357215687172117,LOW,MONITOR
5651-WYIPH,0.285918824892244,LOW,MONITOR
1020-JPQOW,0.20276081708775123,LOW,MONITOR
7233-PAHHL,0.016043506125411867,LOW,MONITOR
5056-FIMPT,0.12850376488118084,LOW,MONITOR
0147-ESWWR,0.5857209057735575,MEDIUM,ENGAGE
6904-JLBGY,0.06811970852299201,LOW,MONITOR
8375-KVTHK,0.13609603674616075,LOW,MONITOR
1035-IPQPU,0.42226183170616516,MEDIUM,ENGAGE
5321-NTRKC,0.018978063820781377,LOW,MONITOR
9026-RNUJS,0.42456809903094356,MEDIUM,ENGAGE
3855-ONCAR,0.5871687040087268,MEDIUM,ENGAGE
5619-XZZKR,0.09402001620374612,LOW,MONITOR
6212-ATMLK,0.5251769743390136,MEDIUM,ENGAGE
0133-BMFZO,0.5106551318448803,MEDIUM,ENGAGE
1110-KYLGQ,0.20011142941338694,LOW,MONITOR
2200-DSAAL,0.04195568578330274,LOW,MONITOR
9961-JBNMK,0.5898989979853378,MEDIUM,ENGAGE
2391-IPLOP,0.07092984421295193,LOW,MONITOR
